scene_id,line_id,speaker,emotion_note,text_raw,text_with_emoji,caption,cfg_text,cfg_caption,cfg_speaker,num_steps,num_candidates,seed,status,approved_candidate,notes
s1_mid,line_001,白雨,"恐怖,困惑",（…… ⏸️ くっ…… ⏸️ 体が…… ⏸️ 動かない……）,😱😖 （…… ⏸️ くっ…… ⏸️ 体が…… ⏸️ 動かない……） 😖,若い女性が、クールで低めの声で、動揺を必死に抑えようとしながらも声が震えて話している。,5.0,5.0,5.0,30,3,1733743689985799996,approved,3,intensity=medium
s1_mid,line_002,白雨,"恥じらい,困惑",（あっ…… ⏸️ 乳首が…… ⏸️ 熱い…… ⏸️ こんなところで母乳が…… ⏸️ 出てる…… ⏸️ ？）,🫣😖 （あっ…… ⏸️ 乳首が…… ⏸️ 熱い…… ⏸️ こんなところで母乳が…… ⏸️ 出てる…… ⏸️ ？） 😖,若い女性が、クールで低めの声で、動揺を必死に抑えようとしながらも声が震えて話している。,5.0,5.0,5.0,30,3,7921353890375509958,approved,3,intensity=medium
s1_mid,line_003,白雨,"絶望,恥じらい",（私はれいざんのばんにんなのに…… ⏸️ こんな恥ずかしいこと…… ⏸️ 絶対に許されないのに……）,😭🫣 （私はれいざんのばんにんなのに…… ⏸️ こんな恥ずかしいこと…… ⏸️ 絶対に許されないのに……） 🫣,若い女性が、クールで低めの声で、動揺を必死に抑えようとしながらも声が震えて話している。,5.0,5.0,5.0,30,3,4120142010138639859,approved,3,intensity=medium
s1_mid,line_004,白雨,"恐怖,拒絶",…… ⏸️ やめて…… ⏸️ 離れなさい…… ⏸️ っ！,😱 …… ⏸️ やめて…… ⏸️ 離れなさい…… ⏸️ っ！,若い女性が、クールで低めの声で、動揺を必死に抑えようとしながらも声が震えて話している。,5.0,5.0,5.0,30,3,6410264947988872838,approved,3,intensity=medium
s1_mid,line_005,白雨,"喘ぎ(弱),恥じらい,困惑",（体が熱くて…… ⏸️ おまんこがびくびくしてる…… ⏸️ 嫌なのに…… ⏸️ 気持ちいい……）,🥵🫣😖 （体が熱くて…… ⏸️ おまんこがびくびくしてる…… ⏸️ 嫌なのに…… ⏸️ 気持ちいい……） 😖,若い女性が、クールで低めの声で、動揺を必死に抑えようとしながらも声が震えて話している。,5.0,5.0,5.0,30,3,5731997756380639481,approved,3,intensity=medium
s1_mid,line_006,白雨,"喘ぎ(弱),困惑",（子宮が…… ⏸️ じゅんじゅん疼いて…… ⏸️ 母になるって…… ⏸️ 思っちゃう…… ⏸️ だめ……）,🥵😖 （子宮が…… ⏸️ じゅんじゅん疼いて…… ⏸️ 母になるって…… ⏸️ 思っちゃう…… ⏸️ だめ……） 😖,若い女性が、クールで低めの声で、動揺を必死に抑えようとしながらも声が震えて話している。,5.0,5.0,5.0,30,3,2682956357503577776,approved,3,intensity=medium
s1_mid,line_007,白雨,"喘ぎ(強),絶頂",んあぁぁっ…… ⏸️ ！　乳が…… ⏸️ おまんこが…… ⏸️ 同時に…… ⏸️ イッちゃう……,🥵😱 んあぁぁっ…… ⏸️ ！　乳が…… ⏸️ おまんこが…… ⏸️ 同時に…… ⏸️ イッちゃう…… 🥵😱💦,若い女性が、感情が限界に達して、低めの声が崩れながら荒い息交じりに声を漏らしている。,7.0,7.0,5.0,30,3,2404597389726711645,approved,3,intensity=strong
s1_mid,line_008,白雨,"喘ぎ(強),絶頂,困惑",（おまんこの奥が…… ⏸️ 幼虫の体でかき回されて…… ⏸️ 子宮が締まって…… ⏸️ もう…… ⏸️ イキそう……）,🥵😱😖 （おまんこの奥が…… ⏸️ 幼虫の体でかき回されて…… ⏸️ 子宮が締まって…… ⏸️ もう…… ⏸️ イキそう……） 😱😖💦,若い女性が、感情が限界に達して、低めの声が崩れながら荒い息交じりに声を漏らしている。,7.0,7.0,5.0,30,3,1689420336518664135,approved,3,intensity=strong
s1_mid,line_009,白雨,"喘ぎ(強),絶頂,崩壊",（もう…… ⏸️ 抵抗できない…… ⏸️ 乳首が吸われるたびに…… ⏸️ 子宮が締まる……）,🥵😱😭 （もう…… ⏸️ 抵抗できない…… ⏸️ 乳首が吸われるたびに…… ⏸️ 子宮が締まる……） 😱😭💦,若い女性が、感情が限界に達して、低めの声が崩れながら荒い息交じりに声を漏らしている。,7.0,7.0,5.0,30,3,5635457586917672051,approved,3,intensity=strong
s1_mid,line_010,白雨,"喘ぎ(強),甘え,崩壊",（私は…… ⏸️ この子たちの…… ⏸️ お母さんになりたい…… ⏸️ ？）,🥵😏😭 （私は…… ⏸️ この子たちの…… ⏸️ お母さんになりたい…… ⏸️ ？） 😏😭💦,若い女性が、感情が限界に達して、低めの声が崩れながら荒い息交じりに声を漏らしている。,7.0,7.0,5.0,30,3,3370076977217817331,approved,3,intensity=strong
s1_mid,line_011,白雨,"放心,喘ぎ(強)",（はぁ…… ⏸️ はぁ…… ⏸️ 気持ちいい…… ⏸️ このまま…… ⏸️ ずっと母でいたい……）,😌🥵 （はぁ…… ⏸️ はぁ…… ⏸️ 気持ちいい…… ⏸️ このまま…… ⏸️ ずっと母でいたい……） 🥵,若い女性が、クールで低めの声で、動揺を必死に抑えようとしながらも声が震えて話している。,5.0,5.0,5.0,30,3,3937015940815165761,approved,3,intensity=medium
s1_mid,line_012,白雨,"喘ぎ(強),絶頂",（あ゛お゛お゛お゛っ…… ⏸️ 乳首が吸われて…… ⏸️ おまんこがぐちょぐちょヒクヒクしてる……）,🥵😱 （あ゛お゛お゛お゛っ…… ⏸️ 乳首が吸われて…… ⏸️ おまんこがぐちょぐちょヒクヒクしてる……） 🥵😱💦,若い女性が、感情が限界に達して、低めの声が崩れながら荒い息交じりに声を漏らしている。,7.0,7.0,5.0,30,3,2426549324650063197,approved,3,intensity=strong
s1_mid,line_013,白雨,"喘ぎ(強),絶頂,崩壊",（ん゛ほ゛お゛お゛お゛っ…… ⏸️ 子宮が卵でパンパンに腫れて…… ⏸️ イキ狂ってる…… ⏸️ もっと産ませてぇ……）,🥵😱😭 （ん゛ほ゛お゛お゛お゛っ…… ⏸️ 子宮が卵でパンパンに腫れて…… ⏸️ イキ狂ってる…… ⏸️ もっと産ませてぇ……） 😱😭💦,若い女性が、感情が限界に達して、低めの声が崩れながら荒い息交じりに声を漏らしている。,7.0,7.0,5.0,30,3,4666197102153699530,approved,3,intensity=strong
s1_mid,line_014,白雨,"喘ぎ(強),絶頂,崩壊",（は゛ん゛お゛お゛お゛っ…… ⏸️ 母乳が噴き出して…… ⏸️ 壊れたまんこから愛液が垂れ流し……）,🥵😱😭 （は゛ん゛お゛お゛お゛っ…… ⏸️ 母乳が噴き出して…… ⏸️ 壊れたまんこから愛液が垂れ流し……） 😱😭💦,若い女性が、感情が限界に達して、低めの声が崩れながら荒い息交じりに声を漏らしている。,7.0,7.0,5.0,30,3,3641744824106988350,approved,3,intensity=strong
s1_mid,line_015,白雨,"喘ぎ(強),崩壊,放心",（お゛ほ゛お゛お゛っ…… ⏸️ 頭がぶっ壊れて…… ⏸️ ただの卵まみれの雌豚母…… ⏸️ イキながら母乳出して孕ませて……）,🥵😭😌 （お゛ほ゛お゛お゛っ…… ⏸️ 頭がぶっ壊れて…… ⏸️ ただの卵まみれの雌豚母…… ⏸️ イキながら母乳出して孕ませて……） 😭😌💦,若い女性が、感情が限界に達して、低めの声が崩れながら荒い息交じりに声を漏らしている。,7.0,7.0,5.0,30,3,8822998140553016079,approved,3,intensity=strong
s1_mid,line_016,白雨,"喘ぎ(強),絶頂,崩壊",（ぐ゛お゛お゛お゛っ…… ⏸️ あ゛ひ゛ぃぃっ…… ⏸️ 溶ける…… ⏸️ 子宮が溶けるまでイキ続けたい……）,🥵😱😭 （ぐ゛お゛お゛お゛っ…… ⏸️ あ゛ひ゛ぃぃっ…… ⏸️ 溶ける…… ⏸️ 子宮が溶けるまでイキ続けたい……） 😱😭💦,若い女性が、感情が限界に達して、低めの声が崩れながら荒い息交じりに声を漏らしている。,7.0,7.0,5.0,30,3,7617875514957407591,approved,3,intensity=strong
s1_boss,line_001,白雨,"恐怖,動揺",（…… ⏸️ あ…… ⏸️ 頭が…… ⏸️ 女王の口に…… ⏸️ 丸呑みにされようとして……）,😱😰 （…… ⏸️ あ…… ⏸️ 頭が…… ⏸️ 女王の口に…… ⏸️ 丸呑みにされようとして……） 😰,若い女性が、クールで低めの声で、動揺を必死に抑えようとしながらも声が震えて話している。,5.0,5.0,5.0,30,3,532708630240174403,approved,3,intensity=medium
s1_boss,line_002,白雨,"恐怖,喘ぎ(弱)",（体に…… ⏸️ 力が入らない…… ⏸️ 抵抗できない…… ⏸️ びやくが…… ⏸️ 体中を熱くしてる……）,😱🥵 （体に…… ⏸️ 力が入らない…… ⏸️ 抵抗できない…… ⏸️ びやくが…… ⏸️ 体中を熱くしてる……） 🥵,若い女性が、クールで低めの声で、動揺を必死に抑えようとしながらも声が震えて話している。,5.0,5.0,5.0,30,3,8187394073476598044,approved,3,intensity=medium
s1_boss,line_003,白雨,"恐怖,拒絶",…… ⏸️ やめて…… ⏸️ 頭を…… ⏸️ 飲まないで……,😱 …… ⏸️ やめて…… ⏸️ 頭を…… ⏸️ 飲まないで……,若い女性が、クールで低めの声で、動揺を必死に抑えようとしながらも声が震えて話している。,5.0,5.0,5.0,30,3,2199854687873713532,approved,3,intensity=medium
s1_boss,line_004,白雨,"喘ぎ(弱),恥じらい",（おまんこが…… ⏸️ 勝手にヒクヒクして…… ⏸️ 嫌なのに…… ⏸️ もっと欲しい……）,🥵🫣 （おまんこが…… ⏸️ 勝手にヒクヒクして…… ⏸️ 嫌なのに…… ⏸️ もっと欲しい……） 🫣,若い女性が、クールで低めの声で、動揺を必死に抑えようとしながらも声が震えて話している。,5.0,5.0,5.0,30,3,5913451972199718257,approved,3,intensity=medium
s1_boss,line_005,白雨,"喘ぎ(強),絶頂",んおぉおっ…… ⏸️ ！　頭が…… ⏸️ 飲まれて…… ⏸️ おまんこが…… ⏸️ 裂けそう……,🥵😱 んおぉおっ…… ⏸️ ！　頭が…… ⏸️ 飲まれて…… ⏸️ おまんこが…… ⏸️ 裂けそう…… 🥵😱💦,若い女性が、感情が限界に達して、低めの声が崩れながら荒い息交じりに声を漏らしている。,7.0,7.0,5.0,30,3,4943318311061837462,approved,3,intensity=strong
s1_boss,line_006,白雨,"喘ぎ(強),絶頂",（おまんこの奥が…… ⏸️ 触手で掻き回されて…… ⏸️ 子宮口が…… ⏸️ 開いちゃってる……）,🥵😱 （おまんこの奥が…… ⏸️ 触手で掻き回されて…… ⏸️ 子宮口が…… ⏸️ 開いちゃってる……） 🥵😱💦,若い女性が、感情が限界に達して、低めの声が崩れながら荒い息交じりに声を漏らしている。,7.0,7.0,5.0,30,3,792775061477568953,approved,3,intensity=strong
s1_boss,line_007,白雨,"喘ぎ(強),崩壊",（頭の中が…… ⏸️ 甘い毒で溶ける…… ⏸️ おまんこも…… ⏸️ 一緒に溶けちゃう……）,🥵😭 （頭の中が…… ⏸️ 甘い毒で溶ける…… ⏸️ おまんこも…… ⏸️ 一緒に溶けちゃう……） 🥵😭💦,若い女性が、感情が限界に達して、低めの声が崩れながら荒い息交じりに声を漏らしている。,7.0,7.0,5.0,30,3,4727203684727364514,approved,3,intensity=strong
s1_boss,line_008,白雨,"喘ぎ(強),崩壊",（もう…… ⏸️ だめ…… ⏸️ この快楽…… ⏸️ 気持ちよすぎて…… ⏸️ ばんにんじゃいられない……）,🥵😭 （もう…… ⏸️ だめ…… ⏸️ この快楽…… ⏸️ 気持ちよすぎて…… ⏸️ ばんにんじゃいられない……） 🥵😭💦,若い女性が、感情が限界に達して、低めの声が崩れながら荒い息交じりに声を漏らしている。,7.0,7.0,5.0,30,3,1791804868869762717,approved,3,intensity=strong
s1_boss,line_009,白雨,"放心,喘ぎ(強)",（はぁ…… ⏸️ はぁ…… ⏸️ お腹が…… ⏸️ 卵でパンパン…… ⏸️ 子宮が…… ⏸️ いっぱい……）,😌🥵 （はぁ…… ⏸️ はぁ…… ⏸️ お腹が…… ⏸️ 卵でパンパン…… ⏸️ 子宮が…… ⏸️ いっぱい……） 🥵,若い女性が、クールで低めの声で、動揺を必死に抑えようとしながらも声が震えて話している。,5.0,5.0,5.0,30,3,8962062360507044547,approved,3,intensity=medium
s1_boss,line_010,白雨,"甘え,崩壊",（私は…… ⏸️ もう…… ⏸️ 女王の器…… ⏸️ ただの卵を育てる肉袋……）,😏😭 （私は…… ⏸️ もう…… ⏸️ 女王の器…… ⏸️ ただの卵を育てる肉袋……） 😭,若い女性が、クールで低めの声で、動揺を必死に抑えようとしながらも声が震えて話している。,5.0,5.0,5.0,30,3,7682223729320412213,approved,3,intensity=medium
s1_boss,line_011,白雨,"喘ぎ(強),絶頂",…… ⏸️ もっと…… ⏸️ 卵を…… ⏸️ 私の子宮に…… ⏸️ いっぱい産み付けて……,🥵😱 …… ⏸️ もっと…… ⏸️ 卵を…… ⏸️ 私の子宮に…… ⏸️ いっぱい産み付けて…… 🥵😱💦,若い女性が、感情が限界に達して、低めの声が崩れながら荒い息交じりに声を漏らしている。,7.0,7.0,5.0,30,3,4520429248622405703,approved,3,intensity=strong
s1_boss,line_012,白雨,"喘ぎ(強),絶頂,崩壊",（ん゛ほ゛お゛お゛お゛っ…… ⏸️ 頭が飲み込まれて…… ⏸️ おまんこが犯されて…… ⏸️ 子宮が卵でパンパン……）,🥵😱😭 （ん゛ほ゛お゛お゛お゛っ…… ⏸️ 頭が飲み込まれて…… ⏸️ おまんこが犯されて…… ⏸️ 子宮が卵でパンパン……） 😱😭💦,若い女性が、感情が限界に達して、低めの声が崩れながら荒い息交じりに声を漏らしている。,7.0,7.0,5.0,30,3,7778792485144674686,approved,3,intensity=strong
s1_boss,line_013,白雨,"喘ぎ(強),絶頂,崩壊",（は゛あ゛あ゛あ゛っ…… ⏸️ イキそうイキそう…… ⏸️ 頭の中まで蕩けてぐちゃぐちゃ……）,🥵😱😭 （は゛あ゛あ゛あ゛っ…… ⏸️ イキそうイキそう…… ⏸️ 頭の中まで蕩けてぐちゃぐちゃ……） 😱😭💦,若い女性が、感情が限界に達して、低めの声が崩れながら荒い息交じりに声を漏らしている。,7.0,7.0,5.0,30,3,2636276731341636257,approved,3,intensity=strong
s1_boss,line_014,白雨,"喘ぎ(強),絶頂,崩壊",（あ゛お゛お゛お゛っ…… ⏸️ もっと卵を…… ⏸️ 私の子宮を…… ⏸️ いっぱいに孕ませて…… ⏸️ 壊してぇ……）,🥵😱😭 （あ゛お゛お゛お゛っ…… ⏸️ もっと卵を…… ⏸️ 私の子宮を…… ⏸️ いっぱいに孕ませて…… ⏸️ 壊してぇ……） 😱😭💦,若い女性が、感情が限界に達して、低めの声が崩れながら荒い息交じりに声を漏らしている。,7.0,7.0,5.0,30,3,5428336220692863636,approved,3,intensity=strong
s1_boss,line_015,白雨,"喘ぎ(強),崩壊,放心",（は゛ん゛お゛お゛お゛っ…… ⏸️ もう人間じゃない…… ⏸️ ただの女王の肉オナホール…… ⏸️ 溶けるまでイキ狂いたい……）,🥵😭😌 （は゛ん゛お゛お゛お゛っ…… ⏸️ もう人間じゃない…… ⏸️ ただの女王の肉オナホール…… ⏸️ 溶けるまでイキ狂いたい……） 😭😌💦,若い女性が、感情が限界に達して、低めの声が崩れながら荒い息交じりに声を漏らしている。,7.0,7.0,5.0,30,3,1212034595466125037,approved,3,intensity=strong
s1_boss,line_016,白雨,"喘ぎ(強),崩壊",（お゛ほ゛お゛お゛っ…… ⏸️ ぐ゛お゛お゛お゛っ…… ⏸️ 子宮が卵で溶けて…… ⏸️ もっと注いでぇ……）,🥵😭 （お゛ほ゛お゛お゛っ…… ⏸️ ぐ゛お゛お゛お゛っ…… ⏸️ 子宮が卵で溶けて…… ⏸️ もっと注いでぇ……） 🥵😭💦,若い女性が、感情が限界に達して、低めの声が崩れながら荒い息交じりに声を漏らしている。,7.0,7.0,5.0,30,3,494504499140502192,approved,3,intensity=strong
s1_boss,line_017,白雨,"喘ぎ(強),崩壊",（あ゛ひ゛ぃぃっ…… ⏸️ 頭もまんこも全部壊れて…… ⏸️ イキながら孕みたい……）,🥵😭 （あ゛ひ゛ぃぃっ…… ⏸️ 頭もまんこも全部壊れて…… ⏸️ イキながら孕みたい……） 🥵😭💦,若い女性が、感情が限界に達して、低めの声が崩れながら荒い息交じりに声を漏らしている。,7.0,7.0,5.0,30,3,8051517874640473901,approved,3,intensity=strong
s2_mid,line_001,白雨,"喘ぎ(弱),困惑",（はぁ…… ⏸️ はぁ…… ⏸️ 産むの…… ⏸️ 気持ちいい…… ⏸️ 子宮が…… ⏸️ 疼いて疼いて……）,🥵😖 （はぁ…… ⏸️ はぁ…… ⏸️ 産むの…… ⏸️ 気持ちいい…… ⏸️ 子宮が…… ⏸️ 疼いて疼いて……） 😖,若い女性が、クールで低めの声で、動揺を必死に抑えようとしながらも声が震えて話している。,5.0,5.0,5.0,30,3,3218814760914503768,approved,3,intensity=medium
s2_mid,line_002,白雨,喘ぎ(弱),…… ⏸️ んぐっ…… ⏸️ もっと…… ⏸️ 液体を……,🥵 …… ⏸️ んぐっ…… ⏸️ もっと…… ⏸️ 液体を……,若い女性が、クールで低めの声で、動揺を必死に抑えようとしながらも声が震えて話している。,5.0,5.0,5.0,30,3,1097351949391312928,approved,3,intensity=medium
s2_mid,line_003,白雨,"喘ぎ(強),甘え",（もう…… ⏸️ 逃げたいなんて思わない…… ⏸️ この快楽が…… ⏸️ 大好き……）,🥵😏 （もう…… ⏸️ 逃げたいなんて思わない…… ⏸️ この快楽が…… ⏸️ 大好き……） 😏,若い女性が、クールで低めの声で、動揺を必死に抑えようとしながらも声が震えて話している。,5.0,5.0,5.0,30,3,4248321239361372146,approved,3,intensity=medium
s2_mid,line_004,白雨,"喘ぎ(強),絶頂",んあぁっ…… ⏸️ ！　卵が出るたびに…… ⏸️ イッちゃう…… ⏸️ 子宮が…… ⏸️ 疼いて……,🥵😱 んあぁっ…… ⏸️ ！　卵が出るたびに…… ⏸️ イッちゃう…… ⏸️ 子宮が…… ⏸️ 疼いて…… 🥵😱💦,若い女性が、感情が限界に達して、低めの声が崩れながら荒い息交じりに声を漏らしている。,7.0,7.0,5.0,30,3,7075982878623798487,approved,3,intensity=strong
s2_mid,line_005,白雨,"喘ぎ(強),絶頂",（産むたびに…… ⏸️ 子宮が痙攣して…… ⏸️ 頭が真っ白になる……）,🥵😱 （産むたびに…… ⏸️ 子宮が痙攣して…… ⏸️ 頭が真っ白になる……） 🥵😱💦,若い女性が、感情が限界に達して、低めの声が崩れながら荒い息交じりに声を漏らしている。,7.0,7.0,5.0,30,3,8433613956376710961,approved,3,intensity=strong
s2_mid,line_006,白雨,"喘ぎ(強),崩壊",（体が…… ⏸️ 産むためにできてるみたい…… ⏸️ 私は…… ⏸️ もう繁殖体……）,🥵😭 （体が…… ⏸️ 産むためにできてるみたい…… ⏸️ 私は…… ⏸️ もう繁殖体……） 🥵😭💦,若い女性が、感情が限界に達して、低めの声が崩れながら荒い息交じりに声を漏らしている。,7.0,7.0,5.0,30,3,2337026633378584541,approved,3,intensity=strong
s2_mid,line_007,白雨,"喘ぎ(強),絶頂",（はぁん…… ⏸️ はぁん…… ⏸️ 産むの…… ⏸️ 気持ちよすぎて…… ⏸️ 頭がおかしい……）,🥵😱 （はぁん…… ⏸️ はぁん…… ⏸️ 産むの…… ⏸️ 気持ちよすぎて…… ⏸️ 頭がおかしい……） 🥵😱💦,若い女性が、感情が限界に達して、低めの声が崩れながら荒い息交じりに声を漏らしている。,7.0,7.0,5.0,30,3,3730340906630016164,approved,3,intensity=strong
s2_mid,line_008,白雨,"喘ぎ(強),崩壊",（私は…… ⏸️ もう…… ⏸️ 産み出すだけの…… ⏸️ 繁殖用なえどこ……）,🥵😭 （私は…… ⏸️ もう…… ⏸️ 産み出すだけの…… ⏸️ 繁殖用なえどこ……） 🥵😭💦,若い女性が、感情が限界に達して、低めの声が崩れながら荒い息交じりに声を漏らしている。,7.0,7.0,5.0,30,3,5136211237733621653,approved,3,intensity=strong
s2_mid,line_009,白雨,"喘ぎ(強),絶頂,崩壊",（ん゛ほ゛お゛お゛お゛っ…… ⏸️ 産卵管が子宮と尻穴を同時に犯して…… ⏸️ 卵が出るたびにイキまくってる……）,🥵😱😭 （ん゛ほ゛お゛お゛お゛っ…… ⏸️ 産卵管が子宮と尻穴を同時に犯して…… ⏸️ 卵が出るたびにイキまくってる……） 😱😭💦,若い女性が、感情が限界に達して、低めの声が崩れながら荒い息交じりに声を漏らしている。,7.0,7.0,5.0,30,3,917327173097396584,approved,3,intensity=strong
s2_mid,line_010,白雨,"喘ぎ(強),絶頂,崩壊",（は゛あ゛あ゛あ゛っ…… ⏸️ 母乳が噴き出して…… ⏸️ おまんこも尻穴もぐちょぐちょに犯されて…… ⏸️ 壊れる……）,🥵😱😭 （は゛あ゛あ゛あ゛っ…… ⏸️ 母乳が噴き出して…… ⏸️ おまんこも尻穴もぐちょぐちょに犯されて…… ⏸️ 壊れる……） 😱😭💦,若い女性が、感情が限界に達して、低めの声が崩れながら荒い息交じりに声を漏らしている。,7.0,7.0,5.0,30,3,953381598975638344,approved,3,intensity=strong
s2_mid,line_011,白雨,"喘ぎ(強),絶頂,甘え",（あ゛お゛お゛お゛っ…… ⏸️ もっと産ませて…… ⏸️ この体を永遠になえどこに…… ⏸️ してぇ……）,🥵😱😏 （あ゛お゛お゛お゛っ…… ⏸️ もっと産ませて…… ⏸️ この体を永遠になえどこに…… ⏸️ してぇ……） 😱😏💦,若い女性が、感情が限界に達して、低めの声が崩れながら荒い息交じりに声を漏らしている。,7.0,7.0,5.0,30,3,4126932089413647830,approved,3,intensity=strong
s2_mid,line_012,白雨,"喘ぎ(強),崩壊",（は゛ん゛お゛お゛お゛っ…… ⏸️ 壊れた…… ⏸️ 産むだけの雌豚…… ⏸️ イキながら卵を産み続けたい……）,🥵😭 （は゛ん゛お゛お゛お゛っ…… ⏸️ 壊れた…… ⏸️ 産むだけの雌豚…… ⏸️ イキながら卵を産み続けたい……） 🥵😭💦,若い女性が、感情が限界に達して、低めの声が崩れながら荒い息交じりに声を漏らしている。,7.0,7.0,5.0,30,3,8308349521089108437,approved,3,intensity=strong
s2_mid,line_013,白雨,"喘ぎ(強),絶頂,崩壊",（お゛ほ゛お゛お゛っ…… ⏸️ ぐ゛お゛お゛お゛っ…… ⏸️ あ゛ひ゛ぃぃっ…… ⏸️ もっと卵を…… ⏸️ まんこにぶち込んでぇ……）,🥵😱😭 （お゛ほ゛お゛お゛っ…… ⏸️ ぐ゛お゛お゛お゛っ…… ⏸️ あ゛ひ゛ぃぃっ…… ⏸️ もっと卵を…… ⏸️ まんこにぶち込んでぇ……） 😱😭💦,若い女性が、感情が限界に達して、低めの声が崩れながら荒い息交じりに声を漏らしている。,7.0,7.0,5.0,30,3,557218406128265740,approved,3,intensity=strong
s2_mid,line_014,白雨,"喘ぎ(強),崩壊",（ん゛お゛お゛お゛っ…… ⏸️ 子宮が溶けるまでイキ狂いたい……）,🥵😭 （ん゛お゛お゛お゛っ…… ⏸️ 子宮が溶けるまでイキ狂いたい……） 🥵😭💦,若い女性が、感情が限界に達して、低めの声が崩れながら荒い息交じりに声を漏らしている。,7.0,7.0,5.0,30,3,4347790889071158517,approved,3,intensity=strong
s2_boss,line_001,白雨,"恐怖,困惑",（あぁ…… ⏸️ ずっと…… ⏸️ 犯されて…… ⏸️ おまんこが…… ⏸️ 壊れそう……）,😱😖 （あぁ…… ⏸️ ずっと…… ⏸️ 犯されて…… ⏸️ おまんこが…… ⏸️ 壊れそう……） 😖,若い女性が、クールで低めの声で、動揺を必死に抑えようとしながらも声が震えて話している。,5.0,5.0,5.0,30,3,8250588098740413922,approved,3,intensity=medium
s2_boss,line_002,白雨,"喘ぎ(強),甘え",（でも…… ⏸️ この快楽…… ⏸️ もう離れたくない……）,🥵😏 （でも…… ⏸️ この快楽…… ⏸️ もう離れたくない……） 😏,若い女性が、クールで低めの声で、動揺を必死に抑えようとしながらも声が震えて話している。,5.0,5.0,5.0,30,3,1932894730641940559,approved,3,intensity=medium
s2_boss,line_003,白雨,"喘ぎ(強),絶頂",んぐっ…… ⏸️ んおぉっ…… ⏸️ ！　奥が…… ⏸️ イッてる……,🥵😱 んぐっ…… ⏸️ んおぉっ…… ⏸️ ！　奥が…… ⏸️ イッてる…… 🥵😱💦,若い女性が、感情が限界に達して、低めの声が崩れながら荒い息交じりに声を漏らしている。,7.0,7.0,5.0,30,3,4510605672969684362,approved,3,intensity=strong
s2_boss,line_004,白雨,"崩壊,困惑",（体が…… ⏸️ 花嫁の体に…… ⏸️ 変わっていく…… ⏸️ 誇りなんて…… ⏸️ もういらない……）,😭😖 （体が…… ⏸️ 花嫁の体に…… ⏸️ 変わっていく…… ⏸️ 誇りなんて…… ⏸️ もういらない……） 😭😖💦,若い女性が、感情が限界に達して、低めの声が崩れながら荒い息交じりに声を漏らしている。,7.0,7.0,5.0,30,3,4253241745158373792,approved,3,intensity=strong
s2_boss,line_005,白雨,"甘え,放心",（おまんこの奥が…… ⏸️ 触手で満たされて…… ⏸️ 幸せ……）,😏😌 （おまんこの奥が…… ⏸️ 触手で満たされて…… ⏸️ 幸せ……） 😌,若い女性が、クールで低めの落ち着いた声で、芯の強さを持って静かに淡々と話している。,3.0,3.0,5.0,30,3,5474579209231773334,approved,3,intensity=weak
s2_boss,line_006,白雨,"喘ぎ(強),放心",（はぁ…… ⏸️ はぁ…… ⏸️ お尻の奥が…… ⏸️ 熱い…… ⏸️ おまんこも…… ⏸️ アナルも…… ⏸️ 全部花嫁の穴……）,🥵😌 （はぁ…… ⏸️ はぁ…… ⏸️ お尻の奥が…… ⏸️ 熱い…… ⏸️ おまんこも…… ⏸️ アナルも…… ⏸️ 全部花嫁の穴……） 😌,若い女性が、クールで低めの声で、動揺を必死に抑えようとしながらも声が震えて話している。,5.0,5.0,5.0,30,3,7655520612908681998,approved,3,intensity=medium
s2_boss,line_007,白雨,"喘ぎ(強),甘え",（この快楽に…… ⏸️ 永遠に溺れていたい……）,🥵😏 （この快楽に…… ⏸️ 永遠に溺れていたい……） 😏,若い女性が、クールで低めの声で、動揺を必死に抑えようとしながらも声が震えて話している。,5.0,5.0,5.0,30,3,8741959370433199688,approved,3,intensity=medium
s2_boss,line_008,白雨,"喘ぎ(強),絶頂",（ん゛ほ゛お゛お゛お゛っ…… ⏸️ アナルが極太で広がって…… ⏸️ お尻の奥がイキまくってる……）,🥵😱 （ん゛ほ゛お゛お゛お゛っ…… ⏸️ アナルが極太で広がって…… ⏸️ お尻の奥がイキまくってる……） 🥵😱💦,若い女性が、感情が限界に達して、低めの声が崩れながら荒い息交じりに声を漏らしている。,7.0,7.0,5.0,30,3,5476560901582363683,approved,3,intensity=strong
s2_boss,line_009,白雨,"喘ぎ(強),絶頂,崩壊",（は゛あ゛あ゛あ゛っ…… ⏸️ 花嫁の穴が全部犯されて…… ⏸️ 子宮もアナルも溶けてぐちゃぐちゃ……）,🥵😱😭 （は゛あ゛あ゛あ゛っ…… ⏸️ 花嫁の穴が全部犯されて…… ⏸️ 子宮もアナルも溶けてぐちゃぐちゃ……） 😱😭💦,若い女性が、感情が限界に達して、低めの声が崩れながら荒い息交じりに声を漏らしている。,7.0,7.0,5.0,30,3,6769972270051759495,approved,3,intensity=strong
s2_boss,line_010,白雨,"喘ぎ(強),甘え,絶頂",（あ゛お゛お゛お゛っ…… ⏸️ もっと…… ⏸️ この体を蝿の精液でいっぱいにして…… ⏸️ 孕ませてぇ……）,🥵😏😱 （あ゛お゛お゛お゛っ…… ⏸️ もっと…… ⏸️ この体を蝿の精液でいっぱいにして…… ⏸️ 孕ませてぇ……） 😏😱💦,若い女性が、感情が限界に達して、低めの声が崩れながら荒い息交じりに声を漏らしている。,7.0,7.0,5.0,30,3,3532556327533083140,approved,3,intensity=strong
s2_boss,line_011,白雨,"喘ぎ(強),崩壊",（は゛ん゛お゛お゛お゛っ…… ⏸️ もう人間じゃない…… ⏸️ ただの犯され続ける花嫁雌豚…… ⏸️ イキながら永遠に……）,🥵😭 （は゛ん゛お゛お゛お゛っ…… ⏸️ もう人間じゃない…… ⏸️ ただの犯され続ける花嫁雌豚…… ⏸️ イキながら永遠に……） 🥵😭💦,若い女性が、感情が限界に達して、低めの声が崩れながら荒い息交じりに声を漏らしている。,7.0,7.0,5.0,30,3,6563585465862654933,approved,3,intensity=strong
s2_boss,line_012,白雨,"喘ぎ(強),絶頂,崩壊",（お゛ほ゛お゛お゛っ…… ⏸️ ぐ゛お゛お゛お゛っ…… ⏸️ あ゛ひ゛ぃぃっ…… ⏸️ アナルまんこ全部壊して…… ⏸️ もっと犯してぇ……）,🥵😱😭 （お゛ほ゛お゛お゛っ…… ⏸️ ぐ゛お゛お゛お゛っ…… ⏸️ あ゛ひ゛ぃぃっ…… ⏸️ アナルまんこ全部壊して…… ⏸️ もっと犯してぇ……） 😱😭💦,若い女性が、感情が限界に達して、低めの声が崩れながら荒い息交じりに声を漏らしている。,7.0,7.0,5.0,30,3,1460166918720497100,approved,3,intensity=strong
s3_mid,line_001,白雨,"恐怖,強がり",…… ⏸️ まだ…… ⏸️ 抵抗できる…… ⏸️ わ…… ⏸️ ！,😱😤 …… ⏸️ まだ…… ⏸️ 抵抗できる…… ⏸️ わ…… ⏸️ ！ 😤,若い女性が、クールで低めの声で、動揺を必死に抑えようとしながらも声が震えて話している。,5.0,5.0,5.0,30,3,4318883805433396359,approved,3,intensity=medium
s3_mid,line_002,白雨,"喘ぎ(強),困惑",（もう…… ⏸️ 気持ちよすぎて…… ⏸️ 頭がおかしくなる…… ⏸️ 抵抗なんて…… ⏸️ したくない……）,🥵😖 （もう…… ⏸️ 気持ちよすぎて…… ⏸️ 頭がおかしくなる…… ⏸️ 抵抗なんて…… ⏸️ したくない……） 🥵😖💦,若い女性が、感情が限界に達して、低めの声が崩れながら荒い息交じりに声を漏らしている。,7.0,7.0,5.0,30,3,2145816958984878114,approved,3,intensity=strong
s3_mid,line_003,白雨,"喘ぎ(強),絶頂",（壊れたい…… ⏸️ この快楽で…… ⏸️ 全部壊してほしい……）,🥵😱 （壊れたい…… ⏸️ この快楽で…… ⏸️ 全部壊してほしい……） 🥵😱💦,若い女性が、感情が限界に達して、低めの声が崩れながら荒い息交じりに声を漏らしている。,7.0,7.0,5.0,30,3,8158939418090992278,approved,3,intensity=strong
s3_mid,line_004,白雨,"喘ぎ(強),崩壊",（子宮が…… ⏸️ 触手のびやくで…… ⏸️ 蕩けて…… ⏸️ もう人間の体じゃない……）,🥵😭 （子宮が…… ⏸️ 触手のびやくで…… ⏸️ 蕩けて…… ⏸️ もう人間の体じゃない……） 🥵😭💦,若い女性が、感情が限界に達して、低めの声が崩れながら荒い息交じりに声を漏らしている。,7.0,7.0,5.0,30,3,7147420359856603397,approved,3,intensity=strong
s3_mid,line_005,白雨,"喘ぎ(強),甘え",（はぁん…… ⏸️ はぁん…… ⏸️ 精液と卵が…… ⏸️ 喉と子宮に…… ⏸️ 気持ちいい……）,🥵😏 （はぁん…… ⏸️ はぁん…… ⏸️ 精液と卵が…… ⏸️ 喉と子宮に…… ⏸️ 気持ちいい……） 😏,若い女性が、クールで低めの声で、動揺を必死に抑えようとしながらも声が震えて話している。,5.0,5.0,5.0,30,3,4064003054352831474,approved,3,intensity=medium
s3_mid,line_006,白雨,"放心,崩壊",（私は…… ⏸️ もう…… ⏸️ ただのなえどこ…… ⏸️ ばんにんだったことなんて…… ⏸️ 忘れた……）,😌😭 （私は…… ⏸️ もう…… ⏸️ ただのなえどこ…… ⏸️ ばんにんだったことなんて…… ⏸️ 忘れた……） 😭,若い女性が、クールで低めの声で、動揺を必死に抑えようとしながらも声が震えて話している。,5.0,5.0,5.0,30,3,8460839289084525373,approved,3,intensity=medium
s3_mid,line_007,白雨,"喘ぎ(強),絶頂,崩壊",（ん゛ほ゛お゛お゛お゛っ…… ⏸️ 産卵管が喉と子宮を同時に犯して……）,🥵😱😭 （ん゛ほ゛お゛お゛お゛っ…… ⏸️ 産卵管が喉と子宮を同時に犯して……） 😱😭💦,若い女性が、感情が限界に達して、低めの声が崩れながら荒い息交じりに声を漏らしている。,7.0,7.0,5.0,30,3,8085651553544067151,approved,3,intensity=strong
s3_mid,line_008,白雨,"喘ぎ(強),絶頂",（は゛あ゛あ゛あ゛っ…… ⏸️ 母乳が噴き出して…… ⏸️ 体がなえどこに変わっていく……）,🥵😱 （は゛あ゛あ゛あ゛っ…… ⏸️ 母乳が噴き出して…… ⏸️ 体がなえどこに変わっていく……） 🥵😱💦,若い女性が、感情が限界に達して、低めの声が崩れながら荒い息交じりに声を漏らしている。,7.0,7.0,5.0,30,3,7876341914422771607,approved,3,intensity=strong
s3_mid,line_009,白雨,"喘ぎ(強),絶頂",（あ゛お゛お゛お゛っ…… ⏸️ もっと卵と精液を私の体中に注いで…… ⏸️ 壊してぇ……）,🥵😱 （あ゛お゛お゛お゛っ…… ⏸️ もっと卵と精液を私の体中に注いで…… ⏸️ 壊してぇ……） 🥵😱💦,若い女性が、感情が限界に達して、低めの声が崩れながら荒い息交じりに声を漏らしている。,7.0,7.0,5.0,30,3,6651357517314457071,approved,3,intensity=strong
s3_mid,line_010,白雨,"喘ぎ(強),崩壊",（は゛ん゛お゛お゛お゛っ…… ⏸️ もう何もいらない…… ⏸️ ただイキながら触手のなえどこで壊れ続けたい……）,🥵😭 （は゛ん゛お゛お゛お゛っ…… ⏸️ もう何もいらない…… ⏸️ ただイキながら触手のなえどこで壊れ続けたい……） 🥵😭💦,若い女性が、感情が限界に達して、低めの声が崩れながら荒い息交じりに声を漏らしている。,7.0,7.0,5.0,30,3,8303523324093671273,approved,3,intensity=strong
s3_mid,line_011,白雨,"喘ぎ(強),絶頂,崩壊",（お゛ほ゛お゛お゛っ…… ⏸️ ぐ゛お゛お゛お゛っ…… ⏸️ あ゛ひ゛ぃぃっ…… ⏸️ 子宮も喉も全部まんこみたいに犯して……）,🥵😱😭 （お゛ほ゛お゛お゛っ…… ⏸️ ぐ゛お゛お゛お゛っ…… ⏸️ あ゛ひ゛ぃぃっ…… ⏸️ 子宮も喉も全部まんこみたいに犯して……） 😱😭💦,若い女性が、感情が限界に達して、低めの声が崩れながら荒い息交じりに声を漏らしている。,7.0,7.0,5.0,30,3,3103725540468150183,approved,3,intensity=strong
s3_boss,line_001,白雨,"恐怖,困惑",（熱い…… ⏸️ 体の中が…… ⏸️ 変わっていく…… ⏸️ もう人間じゃいられない……）,😱😖 （熱い…… ⏸️ 体の中が…… ⏸️ 変わっていく…… ⏸️ もう人間じゃいられない……） 😖,若い女性が、クールで低めの声で、動揺を必死に抑えようとしながらも声が震えて話している。,5.0,5.0,5.0,30,3,5009691268011711987,approved,3,intensity=medium
s3_boss,line_002,白雨,"喘ぎ(弱),困惑",んおぉおっ…… ⏸️ ！　体が…… ⏸️ 雌に…… ⏸️ なっていく……,🥵😖 んおぉおっ…… ⏸️ ！　体が…… ⏸️ 雌に…… ⏸️ なっていく…… 😖,若い女性が、クールで低めの声で、動揺を必死に抑えようとしながらも声が震えて話している。,5.0,5.0,5.0,30,3,1459858297453868413,approved,3,intensity=medium
s3_boss,line_003,白雨,"喘ぎ(強),甘え",（…… ⏸️ もう…… ⏸️ 戻りたくない…… ⏸️ この快楽が…… ⏸️ 最高……）,🥵😏 （…… ⏸️ もう…… ⏸️ 戻りたくない…… ⏸️ この快楽が…… ⏸️ 最高……） 😏,若い女性が、クールで低めの声で、動揺を必死に抑えようとしながらも声が震えて話している。,5.0,5.0,5.0,30,3,231596366617276617,approved,3,intensity=medium
s3_boss,line_004,白雨,"喘ぎ(強),崩壊",（びやく精液が…… ⏸️ 私の体を…… ⏸️ 繁殖用の肉に…… ⏸️ 変えていく……）,🥵😭 （びやく精液が…… ⏸️ 私の体を…… ⏸️ 繁殖用の肉に…… ⏸️ 変えていく……） 🥵😭💦,若い女性が、感情が限界に達して、低めの声が崩れながら荒い息交じりに声を漏らしている。,7.0,7.0,5.0,30,3,2215728493699051390,approved,3,intensity=strong
s3_boss,line_005,白雨,"喘ぎ(強),放心",（あ゛…… ⏸️ あ゛あ゛あ゛っ…… ⏸️ 　は゛…… ⏸️ ん゛お゛お゛お゛っ……）,🥵😌 （あ゛…… ⏸️ あ゛あ゛あ゛っ…… ⏸️ 　は゛…… ⏸️ ん゛お゛お゛お゛っ……） 😌,若い女性が、クールで低めの声で、動揺を必死に抑えようとしながらも声が震えて話している。,5.0,5.0,5.0,30,3,8749160653489180275,approved,3,intensity=medium
s3_boss,line_006,白雨,"放心,崩壊",（もう…… ⏸️ 何も考えられない…… ⏸️ ただ…… ⏸️ イキ続けたい……）,😌😭 （もう…… ⏸️ 何も考えられない…… ⏸️ ただ…… ⏸️ イキ続けたい……） 😭,若い女性が、クールで低めの声で、動揺を必死に抑えようとしながらも声が震えて話している。,5.0,5.0,5.0,30,3,2508970839501279378,approved,3,intensity=medium
s3_boss,line_007,白雨,"喘ぎ(強),甘え",（この快楽…… ⏸️ 永遠に…… ⏸️ 感じていたい…… ⏸️ もう…… ⏸️ 戻れない……）,🥵😏 （この快楽…… ⏸️ 永遠に…… ⏸️ 感じていたい…… ⏸️ もう…… ⏸️ 戻れない……） 😏,若い女性が、クールで低めの声で、動揺を必死に抑えようとしながらも声が震えて話している。,5.0,5.0,5.0,30,3,4060851552001427355,approved,3,intensity=medium
s3_boss,line_008,白雨,"喘ぎ(強),絶頂",（ん゛ほ゛お゛お゛お゛っ…… ⏸️ 子宮が卵でパンパン…… ⏸️ お腹が熱くてイキまくってる……）,🥵😱 （ん゛ほ゛お゛お゛お゛っ…… ⏸️ 子宮が卵でパンパン…… ⏸️ お腹が熱くてイキまくってる……） 🥵😱💦,若い女性が、感情が限界に達して、低めの声が崩れながら荒い息交じりに声を漏らしている。,7.0,7.0,5.0,30,3,7547831593882210605,approved,3,intensity=strong
s3_boss,line_009,白雨,"喘ぎ(強),絶頂",（は゛あ゛あ゛あ゛っ…… ⏸️ 母乳が搾られて…… ⏸️ 体が触手のものに……）,🥵😱 （は゛あ゛あ゛あ゛っ…… ⏸️ 母乳が搾られて…… ⏸️ 体が触手のものに……） 🥵😱💦,若い女性が、感情が限界に達して、低めの声が崩れながら荒い息交じりに声を漏らしている。,7.0,7.0,5.0,30,3,798853001522950370,approved,3,intensity=strong
s3_boss,line_010,白雨,"喘ぎ(強),絶頂,甘え",（あ゛お゛お゛お゛っ…… ⏸️ もっと犯して…… ⏸️ この壊れた体を永遠に孕ませて……）,🥵😱😏 （あ゛お゛お゛お゛っ…… ⏸️ もっと犯して…… ⏸️ この壊れた体を永遠に孕ませて……） 😱😏💦,若い女性が、感情が限界に達して、低めの声が崩れながら荒い息交じりに声を漏らしている。,7.0,7.0,5.0,30,3,7421546616717844530,approved,3,intensity=strong
s3_boss,line_011,白雨,"喘ぎ(強),崩壊",（は゛ん゛お゛お゛お゛っ…… ⏸️ もう人間じゃない…… ⏸️ ただのイキ狂う繁殖ポッド…… ⏸️ 溶けるまでイキ狂いたい……）,🥵😭 （は゛ん゛お゛お゛お゛っ…… ⏸️ もう人間じゃない…… ⏸️ ただのイキ狂う繁殖ポッド…… ⏸️ 溶けるまでイキ狂いたい……） 🥵😭💦,若い女性が、感情が限界に達して、低めの声が崩れながら荒い息交じりに声を漏らしている。,7.0,7.0,5.0,30,3,5842015486988881474,approved,3,intensity=strong
s3_boss,line_012,白雨,"喘ぎ(強),絶頂,崩壊",（お゛ほ゛お゛お゛っ…… ⏸️ ぐ゛お゛お゛お゛っ…… ⏸️ あ゛ひ゛ぃぃっ…… ⏸️ 子宮もまんこも全部壊れて…… ⏸️ もっと卵ぶち込んでぇ……）,🥵😱😭 （お゛ほ゛お゛お゛っ…… ⏸️ ぐ゛お゛お゛お゛っ…… ⏸️ あ゛ひ゛ぃぃっ…… ⏸️ 子宮もまんこも全部壊れて…… ⏸️ もっと卵ぶち込んでぇ……） 😱😭💦,若い女性が、感情が限界に達して、低めの声が崩れながら荒い息交じりに声を漏らしている。,7.0,7.0,5.0,30,3,1505345386454975790,approved,3,intensity=strong
s3_boss,line_013,白雨,"喘ぎ(強),崩壊",（ん゛お゛お゛お゛っ…… ⏸️ あ゛あ゛あ゛あ゛っ…… ⏸️ イキながら孕みたい…… ⏸️ 壊れた雌豚でいたい……）,🥵😭 （ん゛お゛お゛お゛っ…… ⏸️ あ゛あ゛あ゛あ゛っ…… ⏸️ イキながら孕みたい…… ⏸️ 壊れた雌豚でいたい……） 🥵😭💦,若い女性が、感情が限界に達して、低めの声が崩れながら荒い息交じりに声を漏らしている。,7.0,7.0,5.0,30,3,7622486703950826535,approved,3,intensity=strong
s1_ev1,line_001,白雨,"動揺,恐怖",（しまった…… ⏸️ あっ…… ⏸️ ！）,😰😱 （しまった…… ⏸️ あっ…… ⏸️ ！） 😱,若い女性が、クールで低めの声で、動揺を必死に抑えようとしながらも声が震えて話している。,5.0,5.0,5.0,30,3,1462852146220748573,approved,3,intensity=medium
s1_ev1,line_002,白雨,"喘ぎ(弱),困惑",（幼虫のぬめりが…… ⏸️ 脚に絡みついて…… ⏸️ 熱い……）,🥵😖 （幼虫のぬめりが…… ⏸️ 脚に絡みついて…… ⏸️ 熱い……） 😖,若い女性が、クールで低めの声で、動揺を必死に抑えようとしながらも声が震えて話している。,5.0,5.0,5.0,30,3,2162519255216125403,approved,3,intensity=medium
s1_ev1,line_003,白雨,"困惑,恥じらい",（…… ⏸️ っ、肌の奥まで染みて…… ⏸️ こんなの、嫌……）,😖🫣 （…… ⏸️ っ、肌の奥まで染みて…… ⏸️ こんなの、嫌……） 🫣,若い女性が、クールで低めの声で、動揺を必死に抑えようとしながらも声が震えて話している。,5.0,5.0,5.0,30,3,7983712651818364209,approved,3,intensity=medium
s1_ev1,line_004,白雨,"喘ぎ(弱),恥じらい",（でも…… ⏸️ おまんこが、びくって反応して……）,🥵🫣 （でも…… ⏸️ おまんこが、びくって反応して……） 🫣,若い女性が、クールで低めの声で、動揺を必死に抑えようとしながらも声が震えて話している。,5.0,5.0,5.0,30,3,8608878257397878570,approved,3,intensity=medium
s1_ev1,line_005,白雨,"拒絶,強がり",…… ⏸️ はぁ…… ⏸️ 離れなさい…… ⏸️ ！,😱😤 …… ⏸️ はぁ…… ⏸️ 離れなさい…… ⏸️ ！ 😤,若い女性が、クールで低めの声で、動揺を必死に抑えようとしながらも声が震えて話している。,5.0,5.0,5.0,30,3,6043941263509204279,approved,3,intensity=medium
s1_ev1,line_006,白雨,"喘ぎ(弱),困惑",（脚の間が…… ⏸️ まだ熱くて…… ⏸️ 少し疼いてる……）,🥵😖 （脚の間が…… ⏸️ まだ熱くて…… ⏸️ 少し疼いてる……） 😖,若い女性が、クールで低めの声で、動揺を必死に抑えようとしながらも声が震えて話している。,5.0,5.0,5.0,30,3,5530181641057321736,approved,3,intensity=medium
s1_ev2,line_001,白雨,"動揺,恐怖",（あぁ…… ⏸️ また、いっぱい這い上がってきて……）,😰😱 （あぁ…… ⏸️ また、いっぱい這い上がってきて……） 😱,若い女性が、クールで低めの声で、動揺を必死に抑えようとしながらも声が震えて話している。,5.0,5.0,5.0,30,3,564882932374761111,approved,3,intensity=medium
s1_ev2,line_002,白雨,"喘ぎ(弱),恥じらい",（腰まで包まれて…… ⏸️ 温かい粘液がお尻の割れ目まで伝って……）,🥵🫣 （腰まで包まれて…… ⏸️ 温かい粘液がお尻の割れ目まで伝って……） 🫣,若い女性が、クールで低めの声で、動揺を必死に抑えようとしながらも声が震えて話している。,5.0,5.0,5.0,30,3,8923318495209822531,approved,3,intensity=medium
s1_ev2,line_003,白雨,"喘ぎ(弱),恥じらい",（やだ…… ⏸️ おまんこの入り口がぬるぬる刺激されて……）,🥵🫣 （やだ…… ⏸️ おまんこの入り口がぬるぬる刺激されて……） 🫣,若い女性が、クールで低めの声で、動揺を必死に抑えようとしながらも声が震えて話している。,5.0,5.0,5.0,30,3,4877658219307772581,approved,3,intensity=medium
s1_ev2,line_004,白雨,"喘ぎ(弱),困惑",（子宮が…… ⏸️ 甘く疼いて…… ⏸️ 嫌なのに、声が漏れそう……）,🥵😖 （子宮が…… ⏸️ 甘く疼いて…… ⏸️ 嫌なのに、声が漏れそう……） 😖,若い女性が、クールで低めの声で、動揺を必死に抑えようとしながらも声が震えて話している。,5.0,5.0,5.0,30,3,8965400684292266842,approved,3,intensity=medium
s1_ev2,line_005,白雨,"喘ぎ(弱),拒絶",…… ⏸️ んっ…… ⏸️ はぁん…… ⏸️ 離してぇ…… ⏸️ ！,🥵😱 …… ⏸️ んっ…… ⏸️ はぁん…… ⏸️ 離してぇ…… ⏸️ ！ 😱,若い女性が、クールで低めの声で、動揺を必死に抑えようとしながらも声が震えて話している。,5.0,5.0,5.0,30,3,1411844204397066496,approved,3,intensity=medium
s1_ev2,line_006,白雨,"喘ぎ(弱),困惑",（もう…… ⏸️ 愛液が混じって、ぐちゃぐちゃ…… ⏸️ 体が熱い……）,🥵😖 （もう…… ⏸️ 愛液が混じって、ぐちゃぐちゃ…… ⏸️ 体が熱い……） 😖,若い女性が、クールで低めの声で、動揺を必死に抑えようとしながらも声が震えて話している。,5.0,5.0,5.0,30,3,8618682353377326704,approved,3,intensity=medium
s1_boss_ev1,line_001,白雨,"恐怖,動揺",（…… ⏸️ 巨大…… ⏸️ 私をすっぽり包み込んで……）,😱😰 （…… ⏸️ 巨大…… ⏸️ 私をすっぽり包み込んで……） 😰,若い女性が、クールで低めの声で、動揺を必死に抑えようとしながらも声が震えて話している。,5.0,5.0,5.0,30,3,1558454650429946876,approved,3,intensity=medium
s1_boss_ev1,line_002,白雨,"喘ぎ(弱),困惑",（甘い分泌液が胸からおまんこまで染み込んで……）,🥵😖 （甘い分泌液が胸からおまんこまで染み込んで……） 😖,若い女性が、クールで低めの声で、動揺を必死に抑えようとしながらも声が震えて話している。,5.0,5.0,5.0,30,3,3252079845666130603,approved,3,intensity=medium
s1_boss_ev1,line_003,白雨,"困惑,喘ぎ(弱)",（怖いのに…… ⏸️ この温もり、なんだか気持ちいい……）,😖🥵 （怖いのに…… ⏸️ この温もり、なんだか気持ちいい……） 🥵,若い女性が、クールで低めの声で、動揺を必死に抑えようとしながらも声が震えて話している。,5.0,5.0,5.0,30,3,6193782854241340199,approved,3,intensity=medium
s1_boss_ev1,line_004,白雨,"喘ぎ(弱),困惑",（子宮がじゅんじゅんって…… ⏸️ だめ…… ⏸️ 少し溶けそう……）,🥵😖 （子宮がじゅんじゅんって…… ⏸️ だめ…… ⏸️ 少し溶けそう……） 😖,若い女性が、クールで低めの声で、動揺を必死に抑えようとしながらも声が震えて話している。,5.0,5.0,5.0,30,3,8587469699632776808,approved,3,intensity=medium
s1_boss_ev1,line_005,白雨,"強がり,恐怖",…… ⏸️ まだ…… ⏸️ 負けない…… ⏸️ わ…… ⏸️ ！,😤😱 …… ⏸️ まだ…… ⏸️ 負けない…… ⏸️ わ…… ⏸️ ！ 😱,若い女性が、クールで低めの声で、動揺を必死に抑えようとしながらも声が震えて話している。,5.0,5.0,5.0,30,3,5951923206651210477,approved,3,intensity=medium
s1_boss_ev1,line_006,白雨,"喘ぎ(弱),困惑",（全身が熱くて…… ⏸️ 乳首が痛いくらい硬くなってしまってる……）,🥵😖 （全身が熱くて…… ⏸️ 乳首が痛いくらい硬くなってしまってる……） 😖,若い女性が、クールで低めの声で、動揺を必死に抑えようとしながらも声が震えて話している。,5.0,5.0,5.0,30,3,1746874195482887615,approved,3,intensity=medium
s1_boss_ev2,line_001,白雨,"絶望,崩壊",（…… ⏸️ もう…… ⏸️ 力が入らない……）,😭 （…… ⏸️ もう…… ⏸️ 力が入らない……） 😭💦,若い女性が、感情が限界に達して、低めの声が崩れながら荒い息交じりに声を漏らしている。,7.0,7.0,5.0,30,3,2893646262711738467,approved,3,intensity=strong
s1_boss_ev2,line_002,白雨,"喘ぎ(弱),崩壊",（女王の体内に引きずり込まれて…… ⏸️ 温かい粘液の中で……）,🥵😭 （女王の体内に引きずり込まれて…… ⏸️ 温かい粘液の中で……） 🥵😭💦,若い女性が、感情が限界に達して、低めの声が崩れながら荒い息交じりに声を漏らしている。,7.0,7.0,5.0,30,3,132738424113227870,approved,3,intensity=strong
s1_boss_ev2,line_003,白雨,"崩壊,甘え",（体がとろとろ溶けていく…… ⏸️ 「なえどこになりたい」って頭が……）,😭😏 （体がとろとろ溶けていく…… ⏸️ 「なえどこになりたい」って頭が……） 😏,若い女性が、クールで低めの声で、動揺を必死に抑えようとしながらも声が震えて話している。,5.0,5.0,5.0,30,3,2767666852106911910,approved,3,intensity=medium
s1_boss_ev2,line_004,白雨,"絶望,崩壊",（ばんにんの誇りが…… ⏸️ 溶けて…… ⏸️ もう、いいかも……）,😭 （ばんにんの誇りが…… ⏸️ 溶けて…… ⏸️ もう、いいかも……） 😭💦,若い女性が、感情が限界に達して、低めの声が崩れながら荒い息交じりに声を漏らしている。,7.0,7.0,5.0,30,3,6363503966243493616,approved,3,intensity=strong
s1_boss_ev2,line_005,白雨,"喘ぎ(弱),甘え",（おまんこが勝手にヒクヒクして…… ⏸️ 卵を欲しがってるみたい……）,🥵😏 （おまんこが勝手にヒクヒクして…… ⏸️ 卵を欲しがってるみたい……） 😏,若い女性が、クールで低めの声で、動揺を必死に抑えようとしながらも声が震えて話している。,5.0,5.0,5.0,30,3,3929933676449138145,approved,3,intensity=medium
s2_ev1,line_001,白雨,"恐怖,動揺",（…… ⏸️ っ！　唇に口吻が押し当てられて……）,😱😰 （…… ⏸️ っ！　唇に口吻が押し当てられて……） 😰,若い女性が、クールで低めの声で、動揺を必死に抑えようとしながらも声が震えて話している。,5.0,5.0,5.0,30,3,4735824172369079389,approved,3,intensity=medium
s2_ev1,line_002,白雨,"喘ぎ(弱),困惑",（甘い液体が喉の奥まで注ぎ込まれて…… ⏸️ ごくごく……）,🥵😖 （甘い液体が喉の奥まで注ぎ込まれて…… ⏸️ ごくごく……） 😖,若い女性が、クールで低めの声で、動揺を必死に抑えようとしながらも声が震えて話している。,5.0,5.0,5.0,30,3,6084887537412475687,approved,3,intensity=medium
s2_ev1,line_003,白雨,"喘ぎ(弱),困惑",（熱い…… ⏸️ お腹の奥が火照って…… ⏸️ 子宮まで響いてくる……）,🥵😖 （熱い…… ⏸️ お腹の奥が火照って…… ⏸️ 子宮まで響いてくる……） 😖,若い女性が、クールで低めの声で、動揺を必死に抑えようとしながらも声が震えて話している。,5.0,5.0,5.0,30,3,6676300251818539490,approved,3,intensity=medium
s2_ev1,line_004,白雨,"喘ぎ(弱),恥じらい",（嫌なのに…… ⏸️ クリが疼いて…… ⏸️ この甘さ、気持ち悪いはずなのに……）,🥵🫣 （嫌なのに…… ⏸️ クリが疼いて…… ⏸️ この甘さ、気持ち悪いはずなのに……） 🫣,若い女性が、クールで低めの声で、動揺を必死に抑えようとしながらも声が震えて話している。,5.0,5.0,5.0,30,3,2931725800657237681,approved,3,intensity=medium
s2_ev1,line_005,白雨,拒絶,…… ⏸️ んぐっ…… ⏸️ はぁ…… ⏸️ 離して…… ⏸️ ！,😱 …… ⏸️ んぐっ…… ⏸️ はぁ…… ⏸️ 離して…… ⏸️ ！,若い女性が、クールで低めの声で、動揺を必死に抑えようとしながらも声が震えて話している。,5.0,5.0,5.0,30,3,6632498737968322798,approved,3,intensity=medium
s2_ev1,line_006,白雨,"困惑,喘ぎ(弱)",（もう…… ⏸️ 頭がぼんやり…… ⏸️ この味、忘れられなくなりそう……）,😖🥵 （もう…… ⏸️ 頭がぼんやり…… ⏸️ この味、忘れられなくなりそう……） 🥵,若い女性が、クールで低めの声で、動揺を必死に抑えようとしながらも声が震えて話している。,5.0,5.0,5.0,30,3,27736077698907276,approved,3,intensity=medium
s2_ev2,line_001,白雨,"喘ぎ(強),困惑",（また…… ⏸️ 今度はもっと濃厚に流し込まれて……）,🥵😖 （また…… ⏸️ 今度はもっと濃厚に流し込まれて……） 🥵😖💦,若い女性が、感情が限界に達して、低めの声が崩れながら荒い息交じりに声を漏らしている。,7.0,7.0,5.0,30,3,6413344192819423310,approved,3,intensity=strong
s2_ev2,line_002,白雨,"喘ぎ(強),崩壊",（1回目の甘さがまだ体に残ってるのに…… ⏸️ さらに……）,🥵😭 （1回目の甘さがまだ体に残ってるのに…… ⏸️ さらに……） 🥵😭💦,若い女性が、感情が限界に達して、低めの声が崩れながら荒い息交じりに声を漏らしている。,7.0,7.0,5.0,30,3,8790400213417353202,approved,3,intensity=strong
s2_ev2,line_003,白雨,"喘ぎ(強),甘え",（膝が笑う…… ⏸️ 子宮が「もっとちょうだい」って痙攣してる……）,🥵😏 （膝が笑う…… ⏸️ 子宮が「もっとちょうだい」って痙攣してる……） 😏,若い女性が、クールで低めの声で、動揺を必死に抑えようとしながらも声が震えて話している。,5.0,5.0,5.0,30,3,8063162866010029149,approved,3,intensity=medium
s2_ev2,line_004,白雨,"喘ぎ(強),崩壊",（もう…… ⏸️ この甘さを覚えちゃってる…… ⏸️ 抗いたくなくなってきた……）,🥵😭 （もう…… ⏸️ この甘さを覚えちゃってる…… ⏸️ 抗いたくなくなってきた……） 🥵😭💦,若い女性が、感情が限界に達して、低めの声が崩れながら荒い息交じりに声を漏らしている。,7.0,7.0,5.0,30,3,6969279515734035074,approved,3,intensity=strong
s2_ev2,line_005,白雨,"喘ぎ(強),拒絶",…… ⏸️ やだ…… ⏸️ もう、飲まないでぇ…… ⏸️ あんっ…… ⏸️ ！,🥵😱 …… ⏸️ やだ…… ⏸️ もう、飲まないでぇ…… ⏸️ あんっ…… ⏸️ ！ 🥵😱💦,若い女性が、感情が限界に達して、低めの声が崩れながら荒い息交じりに声を漏らしている。,7.0,7.0,5.0,30,3,8277289199958518810,approved,3,intensity=strong
s2_ev3,line_001,白雨,"恐怖,動揺",（足が粘液に取られて…… ⏸️ あぁ……）,😱😰 （足が粘液に取られて…… ⏸️ あぁ……） 😰,若い女性が、クールで低めの声で、動揺を必死に抑えようとしながらも声が震えて話している。,5.0,5.0,5.0,30,3,6899814584320982097,approved,3,intensity=medium
s2_ev3,line_002,白雨,"喘ぎ(弱),恥じらい",（太ももまで這い上がって、おまんこのすぐ下をぬるぬる撫でて……）,🥵🫣 （太ももまで這い上がって、おまんこのすぐ下をぬるぬる撫でて……） 🫣,若い女性が、クールで低めの声で、動揺を必死に抑えようとしながらも声が震えて話している。,5.0,5.0,5.0,30,3,5399967934747782485,approved,3,intensity=medium
s2_ev3,line_003,白雨,"喘ぎ(弱),困惑",（気持ちいい…… ⏸️ だめよ…… ⏸️ でも体が緩んで、腰が勝手にくねっちゃう……）,🥵😖 （気持ちいい…… ⏸️ だめよ…… ⏸️ でも体が緩んで、腰が勝手にくねっちゃう……） 😖,若い女性が、クールで低めの声で、動揺を必死に抑えようとしながらも声が震えて話している。,5.0,5.0,5.0,30,3,4462790074396223455,approved,3,intensity=medium
s2_ev3,line_004,白雨,"困惑,甘え",（もう少しこのままでいいかも…… ⏸️ って、思っちゃダメ……）,😖😏 （もう少しこのままでいいかも…… ⏸️ って、思っちゃダメ……） 😏,若い女性が、クールで低めの声で、動揺を必死に抑えようとしながらも声が震えて話している。,5.0,5.0,5.0,30,3,8846863461823900886,approved,3,intensity=medium
s2_ev3,line_005,白雨,"喘ぎ(弱),拒絶",…… ⏸️ はぁん…… ⏸️ 離れなさい…… ⏸️ っ！,🥵😱 …… ⏸️ はぁん…… ⏸️ 離れなさい…… ⏸️ っ！ 😱,若い女性が、クールで低めの声で、動揺を必死に抑えようとしながらも声が震えて話している。,5.0,5.0,5.0,30,3,4971981540901584593,approved,3,intensity=medium
s3_ev1,line_001,白雨,"恐怖,動揺",（つるが足首に絡みついて…… ⏸️ あっ……）,😱😰 （つるが足首に絡みついて…… ⏸️ あっ……） 😰,若い女性が、クールで低めの声で、動揺を必死に抑えようとしながらも声が震えて話している。,5.0,5.0,5.0,30,3,7350044529061857370,approved,3,intensity=medium
s3_ev1,line_002,白雨,"喘ぎ(弱),困惑",（美しい発光するつるが内腿をくすぐるように……）,🥵😖 （美しい発光するつるが内腿をくすぐるように……） 😖,若い女性が、クールで低めの声で、動揺を必死に抑えようとしながらも声が震えて話している。,5.0,5.0,5.0,30,3,4124907913116685846,approved,3,intensity=medium
s3_ev1,line_003,白雨,"喘ぎ(弱),困惑",（子宮紋がじんって反応して…… ⏸️ おまんこがじゅわっと濡れて……）,🥵😖 （子宮紋がじんって反応して…… ⏸️ おまんこがじゅわっと濡れて……） 😖,若い女性が、クールで低めの声で、動揺を必死に抑えようとしながらも声が震えて話している。,5.0,5.0,5.0,30,3,5968816207298526323,approved,3,intensity=medium
s3_ev1,line_004,白雨,"困惑,拒絶",（熱い…… ⏸️ こんなぬめった感触、嫌なのに……）,😖😱 （熱い…… ⏸️ こんなぬめった感触、嫌なのに……） 😱,若い女性が、クールで低めの声で、動揺を必死に抑えようとしながらも声が震えて話している。,5.0,5.0,5.0,30,3,9094379607197862777,approved,3,intensity=medium
s3_ev1,line_005,白雨,拒絶,…… ⏸️ 離れなさい…… ⏸️ ！,😱 …… ⏸️ 離れなさい…… ⏸️ ！,若い女性が、クールで低めの声で、動揺を必死に抑えようとしながらも声が震えて話している。,5.0,5.0,5.0,30,3,8341596425657411206,approved,3,intensity=medium
s3_ev2,line_001,白雨,"動揺,困惑",（肩と腕につるが巻きついて…… ⏸️ 花弁が肌に触れて……）,😰😖 （肩と腕につるが巻きついて…… ⏸️ 花弁が肌に触れて……） 😖,若い女性が、クールで低めの声で、動揺を必死に抑えようとしながらも声が震えて話している。,5.0,5.0,5.0,30,3,5375244052054788911,approved,3,intensity=medium
s3_ev2,line_002,白雨,"喘ぎ(弱),困惑",（甘い花粉が舞って、意識がふわふわ揺らぐ……）,🥵😖 （甘い花粉が舞って、意識がふわふわ揺らぐ……） 😖,若い女性が、クールで低めの声で、動揺を必死に抑えようとしながらも声が震えて話している。,5.0,5.0,5.0,30,3,6294076351806045244,approved,3,intensity=medium
s3_ev2,line_003,白雨,"喘ぎ(弱),恥じらい",（子宮紋が熱く疼いて…… ⏸️ 乳首がびんびんに立っちゃってる……）,🥵🫣 （子宮紋が熱く疼いて…… ⏸️ 乳首がびんびんに立っちゃってる……） 🫣,若い女性が、クールで低めの声で、動揺を必死に抑えようとしながらも声が震えて話している。,5.0,5.0,5.0,30,3,9047891606182657358,approved,3,intensity=medium
s3_ev2,line_004,白雨,"困惑,甘え",（美しい…… ⏸️ 魅入られそう…… ⏸️ 怖いのに、なんだか心地いい……）,😖😏 （美しい…… ⏸️ 魅入られそう…… ⏸️ 怖いのに、なんだか心地いい……） 😏,若い女性が、クールで低めの声で、動揺を必死に抑えようとしながらも声が震えて話している。,5.0,5.0,5.0,30,3,3409419723278836107,approved,3,intensity=medium
s3_ev2,line_005,白雨,"拒絶,喘ぎ(弱)",…… ⏸️ んっ…… ⏸️ やめて…… ⏸️ はぁ…… ⏸️ ！,😱🥵 …… ⏸️ んっ…… ⏸️ やめて…… ⏸️ はぁ…… ⏸️ ！ 🥵,若い女性が、クールで低めの声で、動揺を必死に抑えようとしながらも声が震えて話している。,5.0,5.0,5.0,30,3,4185882621223510804,approved,3,intensity=medium
s3_ev3,line_001,白雨,"動揺,喘ぎ(弱)",（腰までつるに包まれて…… ⏸️ あぁん……）,😰🥵 （腰までつるに包まれて…… ⏸️ あぁん……） 🥵,若い女性が、クールで低めの声で、動揺を必死に抑えようとしながらも声が震えて話している。,5.0,5.0,5.0,30,3,6282256260179430945,approved,3,intensity=medium
s3_ev3,line_002,白雨,"喘ぎ(弱),恥じらい",（衣服が乱されて、つるが乳房とお腹をねっとり這う……）,🥵🫣 （衣服が乱されて、つるが乳房とお腹をねっとり這う……） 🫣,若い女性が、クールで低めの声で、動揺を必死に抑えようとしながらも声が震えて話している。,5.0,5.0,5.0,30,3,2654928654611679274,approved,3,intensity=medium
s3_ev3,line_003,白雨,"喘ぎ(強),困惑",（子宮紋が激しく脈打って…… ⏸️ 体が「心地いい」って感じちゃってる……）,🥵😖 （子宮紋が激しく脈打って…… ⏸️ 体が「心地いい」って感じちゃってる……） 🥵😖💦,若い女性が、感情が限界に達して、低めの声が崩れながら荒い息交じりに声を漏らしている。,7.0,7.0,5.0,30,3,5417430681099375468,approved,3,intensity=strong
s3_ev3,line_004,白雨,"喘ぎ(強),恥じらい,崩壊",（嫌なのに…… ⏸️ もっと欲しいって…… ⏸️ おまんこがヒクヒク止まらない……）,🥵🫣😭 （嫌なのに…… ⏸️ もっと欲しいって…… ⏸️ おまんこがヒクヒク止まらない……） 🫣😭💦,若い女性が、感情が限界に達して、低めの声が崩れながら荒い息交じりに声を漏らしている。,7.0,7.0,5.0,30,3,5693437819816664279,approved,3,intensity=strong
s3_ev3,line_005,白雨,"崩壊,困惑",（もう…… ⏸️ 抵抗するのが、面倒になってきた……）,😭😖 （もう…… ⏸️ 抵抗するのが、面倒になってきた……） 😭😖💦,若い女性が、感情が限界に達して、低めの声が崩れながら荒い息交じりに声を漏らしている。,7.0,7.0,5.0,30,3,5724661068582518136,approved,3,intensity=strong
s3_ev3,line_006,白雨,"喘ぎ(強),崩壊",…… ⏸️ もう…… ⏸️ だめ…… ⏸️ 溶けちゃう……,🥵😭 …… ⏸️ もう…… ⏸️ だめ…… ⏸️ 溶けちゃう…… 🥵😭💦,若い女性が、感情が限界に達して、低めの声が崩れながら荒い息交じりに声を漏らしている。,7.0,7.0,5.0,30,3,5132212500466131777,approved,3,intensity=strong
s3_boss_ev1,line_001,白雨,"絶望,恐怖",（出口があと少しなのに…… ⏸️ ！）,😭😱 （出口があと少しなのに…… ⏸️ ！） 😱,若い女性が、クールで低めの声で、動揺を必死に抑えようとしながらも声が震えて話している。,5.0,5.0,5.0,30,3,6300579400291835139,approved,3,intensity=medium
s3_boss_ev1,line_002,白雨,"恐怖,動揺",（巨大な主つるが背後から抱きすくめて……）,😱😰 （巨大な主つるが背後から抱きすくめて……） 😰,若い女性が、クールで低めの声で、動揺を必死に抑えようとしながらも声が震えて話している。,5.0,5.0,5.0,30,3,8588020275273823846,approved,3,intensity=medium
s3_boss_ev1,line_003,白雨,"喘ぎ(弱),困惑",（太い触手が胸と腰を締めつけて、子宮の奥まで甘い刺激が響く……）,🥵😖 （太い触手が胸と腰を締めつけて、子宮の奥まで甘い刺激が響く……） 😖,若い女性が、クールで低めの声で、動揺を必死に抑えようとしながらも声が震えて話している。,5.0,5.0,5.0,30,3,6555529316163763342,approved,3,intensity=medium
s3_boss_ev1,line_004,白雨,"困惑,甘え",（もう…… ⏸️ 手が届かない…… ⏸️ 体が熱くて、頭がぼんやりして……）,😖😏 （もう…… ⏸️ 手が届かない…… ⏸️ 体が熱くて、頭がぼんやりして……） 😏,若い女性が、クールで低めの声で、動揺を必死に抑えようとしながらも声が震えて話している。,5.0,5.0,5.0,30,3,1267938473565334172,approved,3,intensity=medium
s3_boss_ev1,line_005,白雨,"困惑,甘え",（このまま包まれても…… ⏸️ いいかも…… ⏸️ って、思っちゃう……）,😖😏 （このまま包まれても…… ⏸️ いいかも…… ⏸️ って、思っちゃう……） 😏,若い女性が、クールで低めの声で、動揺を必死に抑えようとしながらも声が震えて話している。,5.0,5.0,5.0,30,3,5367616721563280587,approved,3,intensity=medium
s3_boss_ev1,line_006,白雨,"恐怖,拒絶",…… ⏸️ あっ…… ⏸️ やだ…… ⏸️ 離してぇ…… ⏸️ ！,😱 …… ⏸️ あっ…… ⏸️ やだ…… ⏸️ 離してぇ…… ⏸️ ！,若い女性が、クールで低めの声で、動揺を必死に抑えようとしながらも声が震えて話している。,5.0,5.0,5.0,30,3,1607137562263670437,approved,3,intensity=medium
s3_boss_ev2,line_001,白雨,"絶望,崩壊",（…… ⏸️ もう…… ⏸️ 抵抗できない……）,😭 （…… ⏸️ もう…… ⏸️ 抵抗できない……） 😭💦,若い女性が、感情が限界に達して、低めの声が崩れながら荒い息交じりに声を漏らしている。,7.0,7.0,5.0,30,3,8034060194110642049,approved,3,intensity=strong
s3_boss_ev2,line_002,白雨,"崩壊,甘え",（無数のつるに包まれて、花のつぼみの中へ沈んでいく……）,😭😏 （無数のつるに包まれて、花のつぼみの中へ沈んでいく……） 😏,若い女性が、クールで低めの声で、動揺を必死に抑えようとしながらも声が震えて話している。,5.0,5.0,5.0,30,3,8607707182890529959,approved,3,intensity=medium
s3_boss_ev2,line_003,白雨,"喘ぎ(強),崩壊",（子宮紋がつると完全に共鳴して激しく脈動……）,🥵😭 （子宮紋がつると完全に共鳴して激しく脈動……） 🥵😭💦,若い女性が、感情が限界に達して、低めの声が崩れながら荒い息交じりに声を漏らしている。,7.0,7.0,5.0,30,3,6827078981569937646,approved,3,intensity=strong
s3_boss_ev2,line_004,白雨,"崩壊,甘え",（体がつるの一部になりかけて…… ⏸️ おまんこが花の蜜を欲しがるように開いていく……）,😭😏 （体がつるの一部になりかけて…… ⏸️ おまんこが花の蜜を欲しがるように開いていく……） 😏,若い女性が、クールで低めの声で、動揺を必死に抑えようとしながらも声が震えて話している。,5.0,5.0,5.0,30,3,192670849999633084,approved,3,intensity=medium
s3_boss_ev2,line_005,白雨,"崩壊,甘え",（…… ⏸️ もう、人間じゃなくていい…… ⏸️ このまま、ずっと快楽に浸っていたい……）,😭😏 （…… ⏸️ もう、人間じゃなくていい…… ⏸️ このまま、ずっと快楽に浸っていたい……） 😏,若い女性が、クールで低めの声で、動揺を必死に抑えようとしながらも声が震えて話している。,5.0,5.0,5.0,30,3,8749654889835380589,approved,3,intensity=medium
s3_boss_ev2,line_006,白雨,"絶望,崩壊",（ばんにんの誇りなんて…… ⏸️ どうでもいい…… ⏸️ 壊れた笑みが浮かんで……）,😭 （ばんにんの誇りなんて…… ⏸️ どうでもいい…… ⏸️ 壊れた笑みが浮かんで……） 😭💦,若い女性が、感情が限界に達して、低めの声が崩れながら荒い息交じりに声を漏らしている。,7.0,7.0,5.0,30,3,5170644573237524921,approved,3,intensity=strong
s3_boss_ev2,line_007,白雨,"放心,崩壊",（意識が、甘い快楽の海に溶けていく…… ⏸️ もう、戻りたくない……）,😌😭 （意識が、甘い快楽の海に溶けていく…… ⏸️ もう、戻りたくない……） 😭,若い女性が、クールで低めの声で、動揺を必死に抑えようとしながらも声が震えて話している。,5.0,5.0,5.0,30,3,5381482521683712175,approved,3,intensity=medium
